SiteName,MonitorDate,Concentration,ItemUnit
馬公,2018-12-10,6,μg/m3
金門,2018-12-10,14,μg/m3
馬祖,2018-12-10,4,μg/m3
宜蘭,2018-12-10,,μg/m3
陽明,2018-12-10,,μg/m3
花蓮,2018-12-10,3,μg/m3
臺東,2018-12-10,4,μg/m3
恆春,2018-12-10,3,μg/m3
屏東,2018-12-10,35,μg/m3
前金,2018-12-10,28,μg/m3
林園,2018-12-10,38,μg/m3
美濃,2018-12-10,21,μg/m3
臺南,2018-12-10,19,μg/m3
新營,2018-12-10,14,μg/m3
嘉義,2018-12-10,17,μg/m3
朴子,2018-12-10,14,μg/m3
斗六,2018-12-10,16,μg/m3
南投,2018-12-10,13,μg/m3
彰化,2018-12-10,11,μg/m3
忠明,2018-12-10,11,μg/m3
豐原,2018-12-10,8,μg/m3
三義,2018-12-10,9,μg/m3
苗栗,2018-12-10,8,μg/m3
新竹,2018-12-10,7,μg/m3
竹東,2018-12-10,5,μg/m3
平鎮,2018-12-10,6,μg/m3
桃園,2018-12-10,5,μg/m3
萬華,2018-12-10,5,μg/m3
士林,2018-12-10,4,μg/m3
板橋,2018-12-10,5,μg/m3
汐止,2018-12-10,3,μg/m3
基隆,2018-12-10,3,μg/m3
馬公,2018-12-07,7,μg/m3
金門,2018-12-07,7,μg/m3
馬祖,2018-12-07,4,μg/m3
宜蘭,2018-12-07,2,μg/m3
陽明,2018-12-07,,μg/m3
花蓮,2018-12-07,3,μg/m3
臺東,2018-12-07,4,μg/m3
恆春,2018-12-07,4,μg/m3
屏東,2018-12-07,44,μg/m3
前金,2018-12-07,41,μg/m3
林園,2018-12-07,49,μg/m3
美濃,2018-12-07,30,μg/m3
臺南,2018-12-07,22,μg/m3
新營,2018-12-07,18,μg/m3
嘉義,2018-12-07,18,μg/m3
朴子,2018-12-07,14,μg/m3
斗六,2018-12-07,14,μg/m3
南投,2018-12-07,10,μg/m3
彰化,2018-12-07,7,μg/m3
忠明,2018-12-07,6,μg/m3
豐原,2018-12-07,5,μg/m3
三義,2018-12-07,4,μg/m3
苗栗,2018-12-07,5,μg/m3
新竹,2018-12-07,5,μg/m3
竹東,2018-12-07,,μg/m3
平鎮,2018-12-07,5,μg/m3
桃園,2018-12-07,5,μg/m3
萬華,2018-12-07,3,μg/m3
士林,2018-12-07,,μg/m3
板橋,2018-12-07,4,μg/m3
汐止,2018-12-07,3,μg/m3
基隆,2018-12-07,3,μg/m3
馬公,2018-12-04,14,μg/m3
金門,2018-12-04,55,μg/m3
馬祖,2018-12-04,36,μg/m3
宜蘭,2018-12-04,14,μg/m3
陽明,2018-12-04,5,μg/m3
花蓮,2018-12-04,7,μg/m3
臺東,2018-12-04,6,μg/m3
恆春,2018-12-04,5,μg/m3
屏東,2018-12-04,19,μg/m3
前金,2018-12-04,19,μg/m3
林園,2018-12-04,23,μg/m3
美濃,2018-12-04,17,μg/m3
臺南,2018-12-04,20,μg/m3
新營,2018-12-04,21,μg/m3
嘉義,2018-12-04,17,μg/m3
朴子,2018-12-04,28,μg/m3
斗六,2018-12-04,16,μg/m3
南投,2018-12-04,15,μg/m3
彰化,2018-12-04,15,μg/m3
忠明,2018-12-04,18,μg/m3
豐原,2018-12-04,10,μg/m3
三義,2018-12-04,10,μg/m3
苗栗,2018-12-04,13,μg/m3
新竹,2018-12-04,17,μg/m3
竹東,2018-12-04,12,μg/m3
平鎮,2018-12-04,18,μg/m3
桃園,2018-12-04,17,μg/m3
萬華,2018-12-04,16,μg/m3
士林,2018-12-04,14,μg/m3
板橋,2018-12-04,20,μg/m3
汐止,2018-12-04,18,μg/m3
基隆,2018-12-04,16,μg/m3
馬公,2018-12-01,21,μg/m3
金門,2018-12-01,28,μg/m3
馬祖,2018-12-01,24,μg/m3
宜蘭,2018-12-01,15,μg/m3
陽明,2018-12-01,12,μg/m3
花蓮,2018-12-01,13,μg/m3
臺東,2018-12-01,14,μg/m3
恆春,2018-12-01,13,μg/m3
屏東,2018-12-01,33,μg/m3
前金,2018-12-01,36,μg/m3
林園,2018-12-01,29,μg/m3
美濃,2018-12-01,21,μg/m3
臺南,2018-12-01,37,μg/m3
新營,2018-12-01,43,μg/m3
嘉義,2018-12-01,50,μg/m3
朴子,2018-12-01,38,μg/m3
斗六,2018-12-01,50,μg/m3
南投,2018-12-01,46,μg/m3
彰化,2018-12-01,56,μg/m3
忠明,2018-12-01,50,μg/m3
豐原,2018-12-01,44,μg/m3
三義,2018-12-01,46,μg/m3
苗栗,2018-12-01,47,μg/m3
新竹,2018-12-01,44,μg/m3
竹東,2018-12-01,31,μg/m3
平鎮,2018-12-01,39,μg/m3
桃園,2018-12-01,31,μg/m3
萬華,2018-12-01,17,μg/m3
士林,2018-12-01,16,μg/m3
板橋,2018-12-01,21,μg/m3
汐止,2018-12-01,15,μg/m3
基隆,2018-12-01,13,μg/m3
馬公,2018-11-28,11,μg/m3
金門,2018-11-28,27,μg/m3
馬祖,2018-11-28,25,μg/m3
宜蘭,2018-11-28,11,μg/m3
陽明,2018-11-28,9,μg/m3
花蓮,2018-11-28,10,μg/m3
臺東,2018-11-28,5,μg/m3
恆春,2018-11-28,4,μg/m3
屏東,2018-11-28,26,μg/m3
前金,2018-11-28,30,μg/m3
林園,2018-11-28,36,μg/m3
美濃,2018-11-28,17,μg/m3
臺南,2018-11-28,22,μg/m3
新營,2018-11-28,19,μg/m3
嘉義,2018-11-28,22,μg/m3
朴子,2018-11-28,16,μg/m3
斗六,2018-11-28,21,μg/m3
南投,2018-11-28,18,μg/m3
彰化,2018-11-28,14,μg/m3
忠明,2018-11-28,13,μg/m3
豐原,2018-11-28,9,μg/m3
三義,2018-11-28,11,μg/m3
苗栗,2018-11-28,15,μg/m3
新竹,2018-11-28,16,μg/m3
竹東,2018-11-28,12,μg/m3
平鎮,2018-11-28,17,μg/m3
桃園,2018-11-28,17,μg/m3
萬華,2018-11-28,14,μg/m3
士林,2018-11-28,14,μg/m3
板橋,2018-11-28,15,μg/m3
汐止,2018-11-28,15,μg/m3
基隆,2018-11-28,13,μg/m3
馬公,2018-11-25,10,μg/m3
金門,2018-11-25,16,μg/m3
馬祖,2018-11-25,13,μg/m3
宜蘭,2018-11-25,9,μg/m3
陽明,2018-11-25,9,μg/m3
花蓮,2018-11-25,9,μg/m3
臺東,2018-11-25,8,μg/m3
恆春,2018-11-25,8,μg/m3
屏東,2018-11-25,28,μg/m3
前金,2018-11-25,22,μg/m3
林園,2018-11-25,31,μg/m3
美濃,2018-11-25,23,μg/m3
臺南,2018-11-25,18,μg/m3
新營,2018-11-25,23,μg/m3
嘉義,2018-11-25,24,μg/m3
朴子,2018-11-25,24,μg/m3
斗六,2018-11-25,34,μg/m3
南投,2018-11-25,24,μg/m3
彰化,2018-11-25,25,μg/m3
忠明,2018-11-25,20,μg/m3
豐原,2018-11-25,21,μg/m3
三義,2018-11-25,20,μg/m3
苗栗,2018-11-25,25,μg/m3
新竹,2018-11-25,29,μg/m3
竹東,2018-11-25,18,μg/m3
平鎮,2018-11-25,29,μg/m3
桃園,2018-11-25,22,μg/m3
萬華,2018-11-25,13,μg/m3
士林,2018-11-25,12,μg/m3
板橋,2018-11-25,14,μg/m3
汐止,2018-11-25,12,μg/m3
基隆,2018-11-25,10,μg/m3
馬公,2018-11-22,11,μg/m3
金門,2018-11-22,11,μg/m3
馬祖,2018-11-22,12,μg/m3
宜蘭,2018-11-22,5,μg/m3
陽明,2018-11-22,2,μg/m3
花蓮,2018-11-22,8,μg/m3
臺東,2018-11-22,7,μg/m3
恆春,2018-11-22,7,μg/m3
屏東,2018-11-22,35,μg/m3
前金,2018-11-22,35,μg/m3
林園,2018-11-22,38,μg/m3
美濃,2018-11-22,23,μg/m3
臺南,2018-11-22,24,μg/m3
新營,2018-11-22,20,μg/m3
嘉義,2018-11-22,22,μg/m3
朴子,2018-11-22,18,μg/m3
斗六,2018-11-22,21,μg/m3
南投,2018-11-22,14,μg/m3
彰化,2018-11-22,11,μg/m3
忠明,2018-11-22,10,μg/m3
豐原,2018-11-22,9,μg/m3
三義,2018-11-22,8,μg/m3
苗栗,2018-11-22,9,μg/m3
新竹,2018-11-22,11,μg/m3
竹東,2018-11-22,7,μg/m3
平鎮,2018-11-22,12,μg/m3
桃園,2018-11-22,11,μg/m3
萬華,2018-11-22,9,μg/m3
士林,2018-11-22,7,μg/m3
板橋,2018-11-22,11,μg/m3
汐止,2018-11-22,9,μg/m3
基隆,2018-11-22,9,μg/m3
馬公,2018-11-19,8,μg/m3
金門,2018-11-19,13,μg/m3
馬祖,2018-11-19,5,μg/m3
宜蘭,2018-11-19,3,μg/m3
陽明,2018-11-19,,μg/m3
花蓮,2018-11-19,,μg/m3
臺東,2018-11-19,4,μg/m3
恆春,2018-11-19,8,μg/m3
屏東,2018-11-19,22,μg/m3
前金,2018-11-19,18,μg/m3
林園,2018-11-19,20,μg/m3
美濃,2018-11-19,21,μg/m3
臺南,2018-11-19,17,μg/m3
新營,2018-11-19,15,μg/m3
嘉義,2018-11-19,17,μg/m3
朴子,2018-11-19,16,μg/m3
斗六,2018-11-19,19,μg/m3
南投,2018-11-19,12,μg/m3
彰化,2018-11-19,10,μg/m3
忠明,2018-11-19,9,μg/m3
豐原,2018-11-19,8,μg/m3
三義,2018-11-19,8,μg/m3
苗栗,2018-11-19,8,μg/m3
新竹,2018-11-19,6,μg/m3
竹東,2018-11-19,5,μg/m3
平鎮,2018-11-19,6,μg/m3
桃園,2018-11-19,5,μg/m3
萬華,2018-11-19,5,μg/m3
士林,2018-11-19,3,μg/m3
板橋,2018-11-19,5,μg/m3
汐止,2018-11-19,5,μg/m3
基隆,2018-11-19,4,μg/m3
馬公,2018-11-16,15,μg/m3
金門,2018-11-16,27,μg/m3
馬祖,2018-11-16,15,μg/m3
宜蘭,2018-11-16,11,μg/m3
陽明,2018-11-16,8,μg/m3
花蓮,2018-11-16,9,μg/m3
臺東,2018-11-16,8,μg/m3
恆春,2018-11-16,7,μg/m3
屏東,2018-11-16,40,μg/m3
前金,2018-11-16,42,μg/m3
林園,2018-11-16,40,μg/m3
美濃,2018-11-16,34,μg/m3
臺南,2018-11-16,49,μg/m3
新營,2018-11-16,47,μg/m3
嘉義,2018-11-16,50,μg/m3
朴子,2018-11-16,39,μg/m3
斗六,2018-11-16,49,μg/m3
南投,2018-11-16,34,μg/m3
彰化,2018-11-16,31,μg/m3
忠明,2018-11-16,33,μg/m3
豐原,2018-11-16,32,μg/m3
三義,2018-11-16,29,μg/m3
苗栗,2018-11-16,23,μg/m3
新竹,2018-11-16,20,μg/m3
竹東,2018-11-16,24,μg/m3
平鎮,2018-11-16,17,μg/m3
桃園,2018-11-16,16,μg/m3
萬華,2018-11-16,12,μg/m3
士林,2018-11-16,12,μg/m3
板橋,2018-11-16,14,μg/m3
汐止,2018-11-16,12,μg/m3
基隆,2018-11-16,11,μg/m3
馬公,2018-11-13,11,μg/m3
金門,2018-11-13,14,μg/m3
馬祖,2018-11-13,12,μg/m3
宜蘭,2018-11-13,7,μg/m3
陽明,2018-11-13,3,μg/m3
花蓮,2018-11-13,8,μg/m3
臺東,2018-11-13,8,μg/m3
恆春,2018-11-13,6,μg/m3
屏東,2018-11-13,31,μg/m3
前金,2018-11-13,38,μg/m3
林園,2018-11-13,38,μg/m3
美濃,2018-11-13,27,μg/m3
臺南,2018-11-13,29,μg/m3
新營,2018-11-13,29,μg/m3
嘉義,2018-11-13,30,μg/m3
朴子,2018-11-13,22,μg/m3
斗六,2018-11-13,27,μg/m3
南投,2018-11-13,20,μg/m3
彰化,2018-11-13,14,μg/m3
忠明,2018-11-13,14,μg/m3
豐原,2018-11-13,14,μg/m3
三義,2018-11-13,10,μg/m3
苗栗,2018-11-13,10,μg/m3
新竹,2018-11-13,11,μg/m3
竹東,2018-11-13,9,μg/m3
平鎮,2018-11-13,9,μg/m3
桃園,2018-11-13,9,μg/m3
萬華,2018-11-13,9,μg/m3
士林,2018-11-13,7,μg/m3
板橋,2018-11-13,9,μg/m3
汐止,2018-11-13,9,μg/m3
基隆,2018-11-13,9,μg/m3
馬公,2018-11-10,19,μg/m3
金門,2018-11-10,26,μg/m3
馬祖,2018-11-10,22,μg/m3
宜蘭,2018-11-10,8,μg/m3
陽明,2018-11-10,4,μg/m3
花蓮,2018-11-10,6,μg/m3
臺東,2018-11-10,7,μg/m3
恆春,2018-11-10,7,μg/m3
屏東,2018-11-10,32,μg/m3
前金,2018-11-10,30,μg/m3
林園,2018-11-10,35,μg/m3
美濃,2018-11-10,26,μg/m3
臺南,2018-11-10,24,μg/m3
新營,2018-11-10,31,μg/m3
嘉義,2018-11-10,38,μg/m3
朴子,2018-11-10,28,μg/m3
斗六,2018-11-10,45,μg/m3
南投,2018-11-10,42,μg/m3
彰化,2018-11-10,37,μg/m3
忠明,2018-11-10,36,μg/m3
豐原,2018-11-10,54,μg/m3
三義,2018-11-10,29,μg/m3
苗栗,2018-11-10,20,μg/m3
新竹,2018-11-10,19,μg/m3
竹東,2018-11-10,16,μg/m3
平鎮,2018-11-10,11,μg/m3
桃園,2018-11-10,11,μg/m3
萬華,2018-11-10,11,μg/m3
士林,2018-11-10,9,μg/m3
板橋,2018-11-10,11,μg/m3
汐止,2018-11-10,11,μg/m3
基隆,2018-11-10,12,μg/m3
馬公,2018-11-07,13,μg/m3
金門,2018-11-07,22,μg/m3
馬祖,2018-11-07,15,μg/m3
宜蘭,2018-11-07,5,μg/m3
陽明,2018-11-07,8,μg/m3
花蓮,2018-11-07,4,μg/m3
臺東,2018-11-07,4,μg/m3
恆春,2018-11-07,3,μg/m3
屏東,2018-11-07,44,μg/m3
前金,2018-11-07,41,μg/m3
林園,2018-11-07,36,μg/m3
美濃,2018-11-07,34,μg/m3
臺南,2018-11-07,62,μg/m3
新營,2018-11-07,74,μg/m3
嘉義,2018-11-07,78,μg/m3
朴子,2018-11-07,55,μg/m3
斗六,2018-11-07,73,μg/m3
南投,2018-11-07,51,μg/m3
彰化,2018-11-07,,μg/m3
忠明,2018-11-07,59,μg/m3
豐原,2018-11-07,,μg/m3
三義,2018-11-07,35,μg/m3
苗栗,2018-11-07,41,μg/m3
新竹,2018-11-07,46,μg/m3
竹東,2018-11-07,39,μg/m3
平鎮,2018-11-07,39,μg/m3
桃園,2018-11-07,38,μg/m3
萬華,2018-11-07,14,μg/m3
士林,2018-11-07,11,μg/m3
板橋,2018-11-07,24,μg/m3
汐止,2018-11-07,8,μg/m3
基隆,2018-11-07,5,μg/m3
馬公,2018-11-04,7,μg/m3
金門,2018-11-04,27,μg/m3
馬祖,2018-11-04,11,μg/m3
宜蘭,2018-11-04,6,μg/m3
陽明,2018-11-04,,μg/m3
花蓮,2018-11-04,6,μg/m3
臺東,2018-11-04,5,μg/m3
恆春,2018-11-04,5,μg/m3
屏東,2018-11-04,39,μg/m3
前金,2018-11-04,41,μg/m3
林園,2018-11-04,35,μg/m3
美濃,2018-11-04,27,μg/m3
臺南,2018-11-04,38,μg/m3
新營,2018-11-04,36,μg/m3
嘉義,2018-11-04,34,μg/m3
朴子,2018-11-04,23,μg/m3
斗六,2018-11-04,27,μg/m3
南投,2018-11-04,19,μg/m3
彰化,2018-11-04,13,μg/m3
忠明,2018-11-04,11,μg/m3
豐原,2018-11-04,10,μg/m3
三義,2018-11-04,9,μg/m3
苗栗,2018-11-04,11,μg/m3
新竹,2018-11-04,9,μg/m3
竹東,2018-11-04,8,μg/m3
平鎮,2018-11-04,8,μg/m3
桃園,2018-11-04,7,μg/m3
萬華,2018-11-04,6,μg/m3
士林,2018-11-04,5,μg/m3
板橋,2018-11-04,6,μg/m3
汐止,2018-11-04,5,μg/m3
基隆,2018-11-04,7,μg/m3
馬公,2018-11-01,15,μg/m3
金門,2018-11-01,,μg/m3
馬祖,2018-11-01,20,μg/m3
宜蘭,2018-11-01,8,μg/m3
陽明,2018-11-01,3,μg/m3
花蓮,2018-11-01,4,μg/m3
臺東,2018-11-01,2,μg/m3
恆春,2018-11-01,4,μg/m3
屏東,2018-11-01,26,μg/m3
前金,2018-11-01,24,μg/m3
林園,2018-11-01,,μg/m3
美濃,2018-11-01,18,μg/m3
臺南,2018-11-01,18,μg/m3
新營,2018-11-01,13,μg/m3
嘉義,2018-11-01,15,μg/m3
朴子,2018-11-01,14,μg/m3
斗六,2018-11-01,14,μg/m3
南投,2018-11-01,10,μg/m3
彰化,2018-11-01,7,μg/m3
忠明,2018-11-01,7,μg/m3
豐原,2018-11-01,5,μg/m3
三義,2018-11-01,5,μg/m3
苗栗,2018-11-01,6,μg/m3
新竹,2018-11-01,10,μg/m3
竹東,2018-11-01,4,μg/m3
平鎮,2018-11-01,11,μg/m3
桃園,2018-11-01,12,μg/m3
萬華,2018-11-01,12,μg/m3
士林,2018-11-01,9,μg/m3
板橋,2018-11-01,10,μg/m3
汐止,2018-11-01,12,μg/m3
基隆,2018-11-01,11,μg/m3
馬公,2018-10-29,16,μg/m3
金門,2018-10-29,25,μg/m3
馬祖,2018-10-29,18,μg/m3
宜蘭,2018-10-29,10,μg/m3
陽明,2018-10-29,12,μg/m3
花蓮,2018-10-29,11,μg/m3
臺東,2018-10-29,13,μg/m3
恆春,2018-10-29,13,μg/m3
屏東,2018-10-29,30,μg/m3
前金,2018-10-29,26,μg/m3
林園,2018-10-29,25,μg/m3
美濃,2018-10-29,28,μg/m3
臺南,2018-10-29,24,μg/m3
新營,2018-10-29,27,μg/m3
嘉義,2018-10-29,30,μg/m3
朴子,2018-10-29,19,μg/m3
斗六,2018-10-29,33,μg/m3
南投,2018-10-29,23,μg/m3
彰化,2018-10-29,18,μg/m3
忠明,2018-10-29,14,μg/m3
豐原,2018-10-29,14,μg/m3
三義,2018-10-29,10,μg/m3
苗栗,2018-10-29,11,μg/m3
新竹,2018-10-29,12,μg/m3
竹東,2018-10-29,10,μg/m3
平鎮,2018-10-29,13,μg/m3
桃園,2018-10-29,13,μg/m3
萬華,2018-10-29,14,μg/m3
士林,2018-10-29,14,μg/m3
板橋,2018-10-29,12,μg/m3
汐止,2018-10-29,15,μg/m3
基隆,2018-10-29,14,μg/m3
馬公,2018-10-26,22,μg/m3
金門,2018-10-26,41,μg/m3
馬祖,2018-10-26,29,μg/m3
宜蘭,2018-10-26,16,μg/m3
陽明,2018-10-26,15,μg/m3
花蓮,2018-10-26,12,μg/m3
臺東,2018-10-26,9,μg/m3
恆春,2018-10-26,13,μg/m3
屏東,2018-10-26,30,μg/m3
前金,2018-10-26,28,μg/m3
林園,2018-10-26,29,μg/m3
美濃,2018-10-26,26,μg/m3
臺南,2018-10-26,38,μg/m3
新營,2018-10-26,39,μg/m3
嘉義,2018-10-26,39,μg/m3
朴子,2018-10-26,38,μg/m3
斗六,2018-10-26,45,μg/m3
南投,2018-10-26,32,μg/m3
彰化,2018-10-26,31,μg/m3
忠明,2018-10-26,31,μg/m3
豐原,2018-10-26,29,μg/m3
三義,2018-10-26,26,μg/m3
苗栗,2018-10-26,27,μg/m3
新竹,2018-10-26,26,μg/m3
竹東,2018-10-26,25,μg/m3
平鎮,2018-10-26,26,μg/m3
桃園,2018-10-26,27,μg/m3
萬華,2018-10-26,22,μg/m3
士林,2018-10-26,21,μg/m3
板橋,2018-10-26,24,μg/m3
汐止,2018-10-26,22,μg/m3
基隆,2018-10-26,20,μg/m3
馬公,2018-10-23,11,μg/m3
金門,2018-10-23,22,μg/m3
馬祖,2018-10-23,15,μg/m3
宜蘭,2018-10-23,10,μg/m3
陽明,2018-10-23,3,μg/m3
花蓮,2018-10-23,8,μg/m3
臺東,2018-10-23,8,μg/m3
恆春,2018-10-23,7,μg/m3
屏東,2018-10-23,27,μg/m3
前金,2018-10-23,25,μg/m3
林園,2018-10-23,24,μg/m3
美濃,2018-10-23,25,μg/m3
臺南,2018-10-23,25,μg/m3
新營,2018-10-23,27,μg/m3
嘉義,2018-10-23,31,μg/m3
朴子,2018-10-23,25,μg/m3
斗六,2018-10-23,29,μg/m3
南投,2018-10-23,20,μg/m3
彰化,2018-10-23,20,μg/m3
忠明,2018-10-23,17,μg/m3
豐原,2018-10-23,15,μg/m3
三義,2018-10-23,16,μg/m3
苗栗,2018-10-23,17,μg/m3
新竹,2018-10-23,16,μg/m3
竹東,2018-10-23,15,μg/m3
平鎮,2018-10-23,16,μg/m3
桃園,2018-10-23,16,μg/m3
萬華,2018-10-23,17,μg/m3
士林,2018-10-23,16,μg/m3
板橋,2018-10-23,19,μg/m3
汐止,2018-10-23,15,μg/m3
基隆,2018-10-23,13,μg/m3
馬公,2018-10-20,12,μg/m3
金門,2018-10-20,20,μg/m3
馬祖,2018-10-20,12,μg/m3
宜蘭,2018-10-20,8,μg/m3
陽明,2018-10-20,6,μg/m3
花蓮,2018-10-20,8,μg/m3
臺東,2018-10-20,8,μg/m3
恆春,2018-10-20,6,μg/m3
屏東,2018-10-20,28,μg/m3
前金,2018-10-20,24,μg/m3
林園,2018-10-20,31,μg/m3
美濃,2018-10-20,21,μg/m3
臺南,2018-10-20,24,μg/m3
新營,2018-10-20,25,μg/m3
嘉義,2018-10-20,30,μg/m3
朴子,2018-10-20,21,μg/m3
斗六,2018-10-20,,μg/m3
南投,2018-10-20,18,μg/m3
彰化,2018-10-20,13,μg/m3
忠明,2018-10-20,12,μg/m3
豐原,2018-10-20,14,μg/m3
三義,2018-10-20,10,μg/m3
苗栗,2018-10-20,10,μg/m3
新竹,2018-10-20,11,μg/m3
竹東,2018-10-20,9,μg/m3
平鎮,2018-10-20,11,μg/m3
桃園,2018-10-20,10,μg/m3
萬華,2018-10-20,10,μg/m3
士林,2018-10-20,9,μg/m3
板橋,2018-10-20,10,μg/m3
汐止,2018-10-20,10,μg/m3
基隆,2018-10-20,9,μg/m3
馬公,2018-10-17,10,μg/m3
金門,2018-10-17,12,μg/m3
馬祖,2018-10-17,14,μg/m3
宜蘭,2018-10-17,2,μg/m3
陽明,2018-10-17,,μg/m3
花蓮,2018-10-17,4,μg/m3
臺東,2018-10-17,3,μg/m3
恆春,2018-10-17,7,μg/m3
屏東,2018-10-17,31,μg/m3
前金,2018-10-17,28,μg/m3
林園,2018-10-17,33,μg/m3
美濃,2018-10-17,21,μg/m3
臺南,2018-10-17,22,μg/m3
新營,2018-10-17,22,μg/m3
嘉義,2018-10-17,24,μg/m3
朴子,2018-10-17,17,μg/m3
斗六,2018-10-17,20,μg/m3
南投,2018-10-17,12,μg/m3
彰化,2018-10-17,10,μg/m3
忠明,2018-10-17,9,μg/m3
豐原,2018-10-17,7,μg/m3
三義,2018-10-17,9,μg/m3
苗栗,2018-10-17,10,μg/m3
新竹,2018-10-17,10,μg/m3
竹東,2018-10-17,7,μg/m3
平鎮,2018-10-17,11,μg/m3
桃園,2018-10-17,9,μg/m3
萬華,2018-10-17,10,μg/m3
士林,2018-10-17,9,μg/m3
板橋,2018-10-17,10,μg/m3
汐止,2018-10-17,9,μg/m3
基隆,2018-10-17,8,μg/m3
馬公,2018-10-14,10,μg/m3
金門,2018-10-14,16,μg/m3
馬祖,2018-10-14,8,μg/m3
宜蘭,2018-10-14,4,μg/m3
陽明,2018-10-14,,μg/m3
花蓮,2018-10-14,4,μg/m3
臺東,2018-10-14,4,μg/m3
恆春,2018-10-14,3,μg/m3
屏東,2018-10-14,23,μg/m3
前金,2018-10-14,24,μg/m3
林園,2018-10-14,23,μg/m3
美濃,2018-10-14,22,μg/m3
臺南,2018-10-14,22,μg/m3
新營,2018-10-14,22,μg/m3
嘉義,2018-10-14,23,μg/m3
朴子,2018-10-14,20,μg/m3
斗六,2018-10-14,29,μg/m3
南投,2018-10-14,24,μg/m3
彰化,2018-10-14,25,μg/m3
忠明,2018-10-14,22,μg/m3
豐原,2018-10-14,19,μg/m3
三義,2018-10-14,16,μg/m3
苗栗,2018-10-14,12,μg/m3
新竹,2018-10-14,7,μg/m3
竹東,2018-10-14,7,μg/m3
平鎮,2018-10-14,6,μg/m3
桃園,2018-10-14,6,μg/m3
萬華,2018-10-14,7,μg/m3
士林,2018-10-14,6,μg/m3
板橋,2018-10-14,7,μg/m3
汐止,2018-10-14,7,μg/m3
基隆,2018-10-14,7,μg/m3
馬公,2018-10-11,11,μg/m3
金門,2018-10-11,11,μg/m3
馬祖,2018-10-11,10,μg/m3
宜蘭,2018-10-11,3,μg/m3
陽明,2018-10-11,,μg/m3
花蓮,2018-10-11,6,μg/m3
臺東,2018-10-11,7,μg/m3
恆春,2018-10-11,7,μg/m3
屏東,2018-10-11,29,μg/m3
前金,2018-10-11,28,μg/m3
林園,2018-10-11,28,μg/m3
美濃,2018-10-11,23,μg/m3
臺南,2018-10-11,18,μg/m3
新營,2018-10-11,14,μg/m3
嘉義,2018-10-11,15,μg/m3
朴子,2018-10-11,13,μg/m3
斗六,2018-10-11,12,μg/m3
南投,2018-10-11,10,μg/m3
彰化,2018-10-11,8,μg/m3
忠明,2018-10-11,7,μg/m3
豐原,2018-10-11,7,μg/m3
三義,2018-10-11,6,μg/m3
苗栗,2018-10-11,8,μg/m3
新竹,2018-10-11,8,μg/m3
竹東,2018-10-11,5,μg/m3
平鎮,2018-10-11,8,μg/m3
桃園,2018-10-11,7,μg/m3
萬華,2018-10-11,8,μg/m3
士林,2018-10-11,6,μg/m3
板橋,2018-10-11,9,μg/m3
汐止,2018-10-11,6,μg/m3
基隆,2018-10-11,7,μg/m3
馬公,2018-10-08,15,μg/m3
金門,2018-10-08,28,μg/m3
馬祖,2018-10-08,20,μg/m3
宜蘭,2018-10-08,4,μg/m3
陽明,2018-10-08,2,μg/m3
花蓮,2018-10-08,6,μg/m3
臺東,2018-10-08,6,μg/m3
恆春,2018-10-08,6,μg/m3
屏東,2018-10-08,32,μg/m3
前金,2018-10-08,27,μg/m3
林園,2018-10-08,33,μg/m3
美濃,2018-10-08,24,μg/m3
臺南,2018-10-08,32,μg/m3
新營,2018-10-08,27,μg/m3
嘉義,2018-10-08,29,μg/m3
朴子,2018-10-08,24,μg/m3
斗六,2018-10-08,26,μg/m3
南投,2018-10-08,19,μg/m3
彰化,2018-10-08,17,μg/m3
忠明,2018-10-08,15,μg/m3
豐原,2018-10-08,13,μg/m3
三義,2018-10-08,12,μg/m3
苗栗,2018-10-08,15,μg/m3
新竹,2018-10-08,15,μg/m3
竹東,2018-10-08,11,μg/m3
平鎮,2018-10-08,15,μg/m3
桃園,2018-10-08,13,μg/m3
萬華,2018-10-08,11,μg/m3
士林,2018-10-08,10,μg/m3
板橋,2018-10-08,12,μg/m3
汐止,2018-10-08,11,μg/m3
基隆,2018-10-08,10,μg/m3
馬公,2018-10-05,19,μg/m3
金門,2018-10-05,23,μg/m3
馬祖,2018-10-05,24,μg/m3
宜蘭,2018-10-05,9,μg/m3
陽明,2018-10-05,9,μg/m3
花蓮,2018-10-05,14,μg/m3
臺東,2018-10-05,20,μg/m3
恆春,2018-10-05,19,μg/m3
屏東,2018-10-05,20,μg/m3
前金,2018-10-05,21,μg/m3
林園,2018-10-05,22,μg/m3
美濃,2018-10-05,18,μg/m3
臺南,2018-10-05,21,μg/m3
新營,2018-10-05,23,μg/m3
嘉義,2018-10-05,23,μg/m3
朴子,2018-10-05,23,μg/m3
斗六,2018-10-05,24,μg/m3
南投,2018-10-05,20,μg/m3
彰化,2018-10-05,22,μg/m3
忠明,2018-10-05,21,μg/m3
豐原,2018-10-05,21,μg/m3
三義,2018-10-05,19,μg/m3
苗栗,2018-10-05,21,μg/m3
新竹,2018-10-05,17,μg/m3
竹東,2018-10-05,17,μg/m3
平鎮,2018-10-05,17,μg/m3
桃園,2018-10-05,17,μg/m3
萬華,2018-10-05,17,μg/m3
士林,2018-10-05,15,μg/m3
板橋,2018-10-05,17,μg/m3
汐止,2018-10-05,17,μg/m3
基隆,2018-10-05,14,μg/m3
馬公,2018-10-02,17,μg/m3
金門,2018-10-02,23,μg/m3
馬祖,2018-10-02,16,μg/m3
宜蘭,2018-10-02,14,μg/m3
陽明,2018-10-02,9,μg/m3
花蓮,2018-10-02,15,μg/m3
臺東,2018-10-02,17,μg/m3
恆春,2018-10-02,18,μg/m3
屏東,2018-10-02,23,μg/m3
前金,2018-10-02,27,μg/m3
林園,2018-10-02,23,μg/m3
美濃,2018-10-02,25,μg/m3
臺南,2018-10-02,26,μg/m3
新營,2018-10-02,30,μg/m3
嘉義,2018-10-02,30,μg/m3
朴子,2018-10-02,29,μg/m3
斗六,2018-10-02,29,μg/m3
南投,2018-10-02,24,μg/m3
彰化,2018-10-02,20,μg/m3
忠明,2018-10-02,18,μg/m3
豐原,2018-10-02,17,μg/m3
三義,2018-10-02,15,μg/m3
苗栗,2018-10-02,15,μg/m3
新竹,2018-10-02,13,μg/m3
竹東,2018-10-02,13,μg/m3
平鎮,2018-10-02,14,μg/m3
桃園,2018-10-02,13,μg/m3
萬華,2018-10-02,13,μg/m3
士林,2018-10-02,11,μg/m3
板橋,2018-10-02,14,μg/m3
汐止,2018-10-02,12,μg/m3
基隆,2018-10-02,10,μg/m3
馬公,2018-09-29,15,μg/m3
金門,2018-09-29,22,μg/m3
馬祖,2018-09-29,21,μg/m3
宜蘭,2018-09-29,9,μg/m3
陽明,2018-09-29,7,μg/m3
花蓮,2018-09-29,12,μg/m3
臺東,2018-09-29,13,μg/m3
恆春,2018-09-29,16,μg/m3
屏東,2018-09-29,14,μg/m3
前金,2018-09-29,16,μg/m3
林園,2018-09-29,18,μg/m3
美濃,2018-09-29,14,μg/m3
臺南,2018-09-29,17,μg/m3
新營,2018-09-29,16,μg/m3
嘉義,2018-09-29,15,μg/m3
朴子,2018-09-29,17,μg/m3
斗六,2018-09-29,14,μg/m3
南投,2018-09-29,13,μg/m3
彰化,2018-09-29,13,μg/m3
忠明,2018-09-29,12,μg/m3
豐原,2018-09-29,11,μg/m3
三義,2018-09-29,11,μg/m3
苗栗,2018-09-29,12,μg/m3
新竹,2018-09-29,13,μg/m3
竹東,2018-09-29,11,μg/m3
平鎮,2018-09-29,14,μg/m3
桃園,2018-09-29,15,μg/m3
萬華,2018-09-29,15,μg/m3
士林,2018-09-29,13,μg/m3
板橋,2018-09-29,16,μg/m3
汐止,2018-09-29,16,μg/m3
基隆,2018-09-29,15,μg/m3
馬公,2018-09-26,15,μg/m3
金門,2018-09-26,17,μg/m3
馬祖,2018-09-26,12,μg/m3
宜蘭,2018-09-26,10,μg/m3
陽明,2018-09-26,4,μg/m3
花蓮,2018-09-26,11,μg/m3
臺東,2018-09-26,13,μg/m3
恆春,2018-09-26,13,μg/m3
屏東,2018-09-26,20,μg/m3
前金,2018-09-26,21,μg/m3
林園,2018-09-26,18,μg/m3
美濃,2018-09-26,17,μg/m3
臺南,2018-09-26,18,μg/m3
新營,2018-09-26,17,μg/m3
嘉義,2018-09-26,18,μg/m3
朴子,2018-09-26,17,μg/m3
斗六,2018-09-26,18,μg/m3
南投,2018-09-26,16,μg/m3
彰化,2018-09-26,16,μg/m3
忠明,2018-09-26,15,μg/m3
豐原,2018-09-26,12,μg/m3
三義,2018-09-26,13,μg/m3
苗栗,2018-09-26,16,μg/m3
新竹,2018-09-26,16,μg/m3
竹東,2018-09-26,,μg/m3
平鎮,2018-09-26,15,μg/m3
桃園,2018-09-26,14,μg/m3
萬華,2018-09-26,17,μg/m3
士林,2018-09-26,14,μg/m3
板橋,2018-09-26,15,μg/m3
汐止,2018-09-26,14,μg/m3
基隆,2018-09-26,14,μg/m3
馬公,2018-09-23,16,μg/m3
金門,2018-09-23,23,μg/m3
馬祖,2018-09-23,,μg/m3
宜蘭,2018-09-23,5,μg/m3
陽明,2018-09-23,5,μg/m3
花蓮,2018-09-23,6,μg/m3
臺東,2018-09-23,5,μg/m3
恆春,2018-09-23,8,μg/m3
屏東,2018-09-23,21,μg/m3
前金,2018-09-23,24,μg/m3
林園,2018-09-23,22,μg/m3
美濃,2018-09-23,17,μg/m3
臺南,2018-09-23,21,μg/m3
新營,2018-09-23,22,μg/m3
嘉義,2018-09-23,20,μg/m3
朴子,2018-09-23,22,μg/m3
斗六,2018-09-23,22,μg/m3
南投,2018-09-23,24,μg/m3
彰化,2018-09-23,26,μg/m3
忠明,2018-09-23,22,μg/m3
豐原,2018-09-23,24,μg/m3
三義,2018-09-23,18,μg/m3
苗栗,2018-09-23,17,μg/m3
新竹,2018-09-23,19,μg/m3
竹東,2018-09-23,17,μg/m3
平鎮,2018-09-23,16,μg/m3
桃園,2018-09-23,13,μg/m3
萬華,2018-09-23,10,μg/m3
士林,2018-09-23,9,μg/m3
板橋,2018-09-23,11,μg/m3
汐止,2018-09-23,11,μg/m3
基隆,2018-09-23,12,μg/m3
馬公,2018-09-20,16,μg/m3
金門,2018-09-20,17,μg/m3
馬祖,2018-09-20,10,μg/m3
宜蘭,2018-09-20,9,μg/m3
陽明,2018-09-20,24,μg/m3
花蓮,2018-09-20,6,μg/m3
臺東,2018-09-20,5,μg/m3
恆春,2018-09-20,4,μg/m3
屏東,2018-09-20,16,μg/m3
前金,2018-09-20,13,μg/m3
林園,2018-09-20,15,μg/m3
美濃,2018-09-20,13,μg/m3
臺南,2018-09-20,12,μg/m3
新營,2018-09-20,16,μg/m3
嘉義,2018-09-20,15,μg/m3
朴子,2018-09-20,19,μg/m3
斗六,2018-09-20,22,μg/m3
南投,2018-09-20,24,μg/m3
彰化,2018-09-20,27,μg/m3
忠明,2018-09-20,25,μg/m3
豐原,2018-09-20,29,μg/m3
三義,2018-09-20,28,μg/m3
苗栗,2018-09-20,27,μg/m3
新竹,2018-09-20,28,μg/m3
竹東,2018-09-20,26,μg/m3
平鎮,2018-09-20,30,μg/m3
桃園,2018-09-20,30,μg/m3
萬華,2018-09-20,21,μg/m3
士林,2018-09-20,25,μg/m3
板橋,2018-09-20,23,μg/m3
汐止,2018-09-20,21,μg/m3
基隆,2018-09-20,13,μg/m3
馬公,2018-09-17,19,μg/m3
金門,2018-09-17,22,μg/m3
馬祖,2018-09-17,13,μg/m3
宜蘭,2018-09-17,10,μg/m3
陽明,2018-09-17,9,μg/m3
花蓮,2018-09-17,7,μg/m3
臺東,2018-09-17,8,μg/m3
恆春,2018-09-17,9,μg/m3
屏東,2018-09-17,12,μg/m3
前金,2018-09-17,15,μg/m3
林園,2018-09-17,15,μg/m3
美濃,2018-09-17,11,μg/m3
臺南,2018-09-17,15,μg/m3
新營,2018-09-17,20,μg/m3
嘉義,2018-09-17,15,μg/m3
朴子,2018-09-17,19,μg/m3
斗六,2018-09-17,14,μg/m3
南投,2018-09-17,16,μg/m3
彰化,2018-09-17,19,μg/m3
忠明,2018-09-17,17,μg/m3
豐原,2018-09-17,17,μg/m3
三義,2018-09-17,15,μg/m3
苗栗,2018-09-17,18,μg/m3
新竹,2018-09-17,22,μg/m3
竹東,2018-09-17,17,μg/m3
平鎮,2018-09-17,24,μg/m3
桃園,2018-09-17,23,μg/m3
萬華,2018-09-17,11,μg/m3
士林,2018-09-17,12,μg/m3
板橋,2018-09-17,13,μg/m3
汐止,2018-09-17,9,μg/m3
基隆,2018-09-17,7,μg/m3
馬公,2018-09-14,9,μg/m3
金門,2018-09-14,10,μg/m3
馬祖,2018-09-14,12,μg/m3
宜蘭,2018-09-14,6,μg/m3
陽明,2018-09-14,3,μg/m3
花蓮,2018-09-14,5,μg/m3
臺東,2018-09-14,7,μg/m3
恆春,2018-09-14,5,μg/m3
屏東,2018-09-14,22,μg/m3
前金,2018-09-14,17,μg/m3
林園,2018-09-14,19,μg/m3
美濃,2018-09-14,22,μg/m3
臺南,2018-09-14,20,μg/m3
新營,2018-09-14,22,μg/m3
嘉義,2018-09-14,25,μg/m3
朴子,2018-09-14,17,μg/m3
斗六,2018-09-14,31,μg/m3
南投,2018-09-14,32,μg/m3
彰化,2018-09-14,27,μg/m3
忠明,2018-09-14,27,μg/m3
豐原,2018-09-14,28,μg/m3
三義,2018-09-14,20,μg/m3
苗栗,2018-09-14,15,μg/m3
新竹,2018-09-14,6,μg/m3
竹東,2018-09-14,7,μg/m3
平鎮,2018-09-14,5,μg/m3
桃園,2018-09-14,5,μg/m3
萬華,2018-09-14,5,μg/m3
士林,2018-09-14,6,μg/m3
板橋,2018-09-14,5,μg/m3
汐止,2018-09-14,5,μg/m3
基隆,2018-09-14,5,μg/m3
馬公,2018-09-11,14,μg/m3
金門,2018-09-11,14,μg/m3
馬祖,2018-09-11,8,μg/m3
宜蘭,2018-09-11,4,μg/m3
陽明,2018-09-11,3,μg/m3
花蓮,2018-09-11,4,μg/m3
臺東,2018-09-11,3,μg/m3
恆春,2018-09-11,3,μg/m3
屏東,2018-09-11,15,μg/m3
前金,2018-09-11,9,μg/m3
林園,2018-09-11,10,μg/m3
美濃,2018-09-11,12,μg/m3
臺南,2018-09-11,12,μg/m3
新營,2018-09-11,14,μg/m3
嘉義,2018-09-11,15,μg/m3
朴子,2018-09-11,15,μg/m3
斗六,2018-09-11,18,μg/m3
南投,2018-09-11,17,μg/m3
彰化,2018-09-11,18,μg/m3
忠明,2018-09-11,16,μg/m3
豐原,2018-09-11,17,μg/m3
三義,2018-09-11,16,μg/m3
苗栗,2018-09-11,12,μg/m3
新竹,2018-09-11,18,μg/m3
竹東,2018-09-11,17,μg/m3
平鎮,2018-09-11,14,μg/m3
桃園,2018-09-11,10,μg/m3
萬華,2018-09-11,5,μg/m3
士林,2018-09-11,4,μg/m3
板橋,2018-09-11,6,μg/m3
汐止,2018-09-11,3,μg/m3
基隆,2018-09-11,5,μg/m3
馬公,2018-09-08,11,μg/m3
金門,2018-09-08,16,μg/m3
馬祖,2018-09-08,12,μg/m3
宜蘭,2018-09-08,11,μg/m3
陽明,2018-09-08,6,μg/m3
花蓮,2018-09-08,7,μg/m3
臺東,2018-09-08,7,μg/m3
恆春,2018-09-08,3,μg/m3
